Datetime,OPEN,HIGH,LOW,CLOSE,VOLUME
2019-05-24 19:00:00,29.75,32.0,28.5,29.0,44000
2019-05-28 19:00:00,29.25,30.5,28.510000228881836,28.764999389648438,61500
2019-05-29 19:00:00,29.899999618530273,29.899999618530273,27.65999984741211,28.5,207800
2019-05-30 19:00:00,28.989999771118164,29.15999984741211,28.219999313354492,28.799999237060547,666000
2019-05-31 19:00:00,28.5,28.59000015258789,26.969999313354492,26.969999313354492,853800
2019-06-03 19:00:00,26.540000915527344,27.0,24.3700008392334,24.809999465942383,19259600
2019-06-04 19:00:00,24.350000381469727,27.940000534057617,24.350000381469727,27.75,20135100
2019-06-05 19:00:00,27.540000915527344,28.219999313354492,26.459999084472656,28.010000228881836,10740200
2019-06-06 19:00:00,27.690000534057617,27.690000534057617,26.229999542236328,26.899999618530273,13986100
2019-06-07 19:00:00,26.170000076293945,26.93000030517578,25.71500015258789,26.309999465942383,10049100
2019-06-10 19:00:00,26.06999969482422,26.739999771118164,25.1200008392334,25.309999465942383,10247200
2019-06-11 19:00:00,25.010000228881836,25.360000610351562,24.530000686645508,24.950000762939453,11641200
2019-06-12 19:00:00,25.110000610351562,25.450000762939453,24.479999542236328,25.06999969482422,13392000
2019-06-13 19:00:00,25.059999465942383,25.190000534057617,24.700000762939453,24.969999313354492,9710800
2019-06-14 19:00:00,24.760000228881836,25.239999771118164,24.549999237060547,25.190000534057617,7036800
2019-06-17 19:00:00,25.530000686645508,26.899999618530273,25.450000762939453,25.950000762939453,13710100
2019-06-18 19:00:00,26.030000686645508,27.56999969482422,25.75,27.299999237060547,14485400
2019-06-19 19:00:00,27.479999542236328,27.479999542236328,26.8700008392334,27.149999618530273,10228800
2019-06-20 19:00:00,27.3700008392334,27.600000381469727,26.420000076293945,27.15999984741211,7728000
2019-06-21 19:00:00,26.8700008392334,27.709999084472656,26.8700008392334,27.209999084472656,12548900
2019-06-24 19:00:00,27.139999389648438,28.450000762939453,27.05299949645996,28.010000228881836,6494900
2019-06-25 19:00:00,28.020000457763672,28.09000015258789,27.479999542236328,27.670000076293945,6698600
2019-06-26 19:00:00,27.93000030517578,29.375,27.850000381469727,29.260000228881836,6735100
2019-06-27 19:00:00,29.3799991607666,30.329999923706055,29.260000228881836,29.56999969482422,5879600
2019-06-28 19:00:00,29.600000381469727,29.75,29.260000228881836,29.56999969482422,15517800
2019-07-01 19:00:00,29.579999923706055,30.75,28.950000762939453,29.68000030517578,5272900
2019-07-02 19:00:00,29.5,29.600000381469727,28.139999389648438,28.989999771118164,5438300
2019-07-03 19:00:00,28.780000686645508,28.899999618530273,28.200000762939453,28.799999237060547,2234900
2019-07-05 19:00:00,28.450000762939453,29.31999969482422,28.260000228881836,28.639999389648438,2888200
2019-07-08 19:00:00,28.389999389648438,28.389999389648438,27.639999389648438,27.770000457763672,3478600
2019-07-09 19:00:00,27.469999313354492,27.770000457763672,26.829999923706055,26.989999771118164,5285700
2019-07-10 19:00:00,26.809999465942383,27.0,26.440000534057617,26.5,5133700
2019-07-11 19:00:00,26.549999237060547,26.799999237060547,25.959999084472656,26.43000030517578,6066200
2019-07-12 19:00:00,26.420000076293945,27.729999542236328,26.260000228881836,27.600000381469727,5154500
2019-07-15 19:00:00,27.40999984741211,28.270000457763672,27.399999618530273,28.079999923706055,3443100
2019-07-16 19:00:00,27.93000030517578,28.5,27.71500015258789,27.860000610351562,3735900
2019-07-17 19:00:00,27.600000381469727,27.709999084472656,26.850000381469727,26.8799991607666,3999300
2019-07-18 19:00:00,26.579999923706055,26.979999542236328,26.413000106811523,26.649999618530273,3009800
2019-07-19 19:00:00,26.790000915527344,27.479999542236328,26.639999389648438,27.389999389648438,4694800
2019-07-22 19:00:00,27.34000015258789,27.850000381469727,27.209999084472656,27.760000228881836,2546100
2019-07-23 19:00:00,27.649999618530273,28.479999542236328,27.450000762939453,28.1200008392334,2921400
2019-07-24 19:00:00,27.770000457763672,28.520000457763672,27.6299991607666,28.31999969482422,2311800
2019-07-25 19:00:00,28.100000381469727,28.399999618530273,27.75,28.020000457763672,3532200
2019-07-26 19:00:00,27.719999313354492,28.524999618530273,27.649999618530273,28.479999542236328,3052700
2019-07-29 19:00:00,28.360000610351562,28.950000762939453,28.31999969482422,28.780000686645508,6245200
2019-07-30 19:00:00,28.0,29.290000915527344,27.799999237060547,29.1299991607666,7142300
2019-07-31 19:00:00,29.100000381469727,30.149999618530273,28.709999084472656,29.5,7662000
2019-08-01 19:00:00,29.5,32.779998779296875,29.309999465942383,31.25,11564200
2019-08-02 19:00:00,30.940000534057617,31.540000915527344,30.850000381469727,31.459999084472656,7305800
2019-08-05 19:00:00,30.6299991607666,30.969999313354492,29.639999389648438,29.899999618530273,5552500
2019-08-06 19:00:00,30.059999465942383,30.219999313354492,29.469999313354492,30.049999237060547,5355900
2019-08-07 19:00:00,29.579999923706055,30.829999923706055,29.43000030517578,30.639999389648438,4925200
2019-08-08 19:00:00,30.709999084472656,31.790000915527344,30.670000076293945,31.610000610351562,3962600
2019-08-09 19:00:00,31.940000534057617,32.0,31.219999313354492,31.6299991607666,4753200
2019-08-12 19:00:00,31.489999771118164,31.829999923706055,29.510000228881836,29.6299991607666,7112500
2019-08-13 19:00:00,29.329999923706055,30.149999618530273,29.190000534057617,29.600000381469727,6855400
2019-08-14 19:00:00,29.1200008392334,29.360000610351562,28.280000686645508,28.34000015258789,4580100
2019-08-15 19:00:00,28.93000030517578,29.229999542236328,27.93000030517578,28.420000076293945,3561600
2019-08-16 19:00:00,28.690000534057617,30.309999465942383,28.559999465942383,30.239999771118164,4285100
2019-08-19 19:00:00,30.75,30.84000015258789,30.25,30.56999969482422,4207300
2019-08-20 19:00:00,30.6200008392334,30.68000030517578,30.09000015258789,30.260000228881836,3073700
2019-08-21 19:00:00,30.299999237060547,30.979999542236328,30.280000686645508,30.579999923706055,2815400
2019-08-22 19:00:00,30.780000686645508,30.950000762939453,30.209999084472656,30.290000915527344,3351400
2019-08-23 19:00:00,29.799999237060547,30.15999984741211,28.809999465942383,29.049999237060547,3911600
2019-08-26 19:00:00,29.350000381469727,29.475000381469727,28.670000076293945,29.020000457763672,3479800
2019-08-27 19:00:00,29.149999618530273,29.43000030517578,28.53499984741211,28.729999542236328,3528400
2019-08-28 19:00:00,28.479999542236328,29.530000686645508,28.309999465942383,29.170000076293945,5091800
2019-08-29 19:00:00,29.549999237060547,30.22800064086914,29.520000457763672,29.709999084472656,3135600
2019-08-30 19:00:00,30.0,30.030000686645508,29.260000228881836,29.31999969482422,5220200
2019-09-03 19:00:00,28.989999771118164,29.100000381469727,28.0,28.229999542236328,3279100
2019-09-04 19:00:00,28.6200008392334,28.84000015258789,28.170000076293945,28.43000030517578,2962100
2019-09-05 19:00:00,28.739999771118164,28.989999771118164,27.950000762939453,28.459999084472656,4972700
2019-09-06 19:00:00,28.450000762939453,28.809999465942383,27.889999389648438,28.389999389648438,5140000
2019-09-09 19:00:00,28.350000381469727,28.81999969482422,28.020000457763672,28.75,4661000
2019-09-10 19:00:00,28.700000762939453,29.1299991607666,28.139999389648438,28.559999465942383,3682900
2019-09-11 19:00:00,28.5,29.299999237060547,28.110000610351562,29.270000457763672,3033600
2019-09-12 19:00:00,29.5,30.09000015258789,28.899999618530273,29.899999618530273,7967600
2019-09-13 19:00:00,30.040000915527344,30.350000381469727,29.899999618530273,30.1200008392334,4919600
2019-09-16 19:00:00,30.049999237060547,30.059999465942383,28.84000015258789,29.399999618530273,3300700
2019-09-17 19:00:00,29.31999969482422,29.469999313354492,28.959999084472656,28.979999542236328,4118200
2019-09-18 19:00:00,28.75,29.459999084472656,28.75,29.149999618530273,3606000
2019-09-19 19:00:00,29.260000228881836,29.709999084472656,29.059999465942383,29.139999389648438,3222400
2019-09-20 19:00:00,29.350000381469727,29.56999969482422,28.850000381469727,28.920000076293945,6865000
2019-09-23 19:00:00,28.639999389648438,29.0,28.44499969482422,28.8799991607666,3314300
2019-09-24 19:00:00,28.709999084472656,28.989999771118164,27.961000442504883,28.239999771118164,2840500
2019-09-25 19:00:00,28.219999313354492,28.5,27.770000457763672,28.200000762939453,3154200
2019-09-26 19:00:00,28.110000610351562,28.200000762939453,27.489999771118164,27.639999389648438,3532100
2019-09-27 19:00:00,27.549999237060547,28.229999542236328,27.309999465942383,27.799999237060547,4534900
2019-09-30 19:00:00,27.899999618530273,28.350000381469727,27.760000228881836,28.0,6245000
2019-10-01 19:00:00,28.030000686645508,28.3799991607666,27.229999542236328,27.549999237060547,5843200
2019-10-02 19:00:00,27.149999618530273,27.670000076293945,26.6200008392334,26.940000534057617,5181600
2019-10-03 19:00:00,26.90999984741211,27.15999984741211,26.510000228881836,26.8799991607666,3622400
2019-10-04 19:00:00,27.0,27.038000106811523,25.801000595092773,25.889999389648438,4851400
2019-10-07 19:00:00,26.0,26.469999313354492,25.729999542236328,26.0,5474100
2019-10-08 19:00:00,25.639999389648438,26.43000030517578,25.59000015258789,26.219999313354492,6214200
2019-10-09 19:00:00,26.790000915527344,26.829999923706055,25.739999771118164,26.170000076293945,3916700
2019-10-10 19:00:00,26.170000076293945,26.719999313354492,25.709999084472656,25.729999542236328,3003300
2019-10-11 19:00:00,26.100000381469727,27.1200008392334,25.989999771118164,26.65999984741211,4555600
2019-10-14 19:00:00,26.399999618530273,26.770000457763672,26.200000762939453,26.329999923706055,3064900
2019-10-15 19:00:00,26.219999313354492,27.09000015258789,26.065000534057617,26.700000762939453,3826500
2019-10-16 19:00:00,26.350000381469727,27.229999542236328,26.290000915527344,26.8700008392334,3023500
2019-10-17 19:00:00,27.049999237060547,27.209999084472656,26.65999984741211,26.770000457763672,2196500
2019-10-18 19:00:00,26.600000381469727,26.639999389648438,25.639999389648438,26.040000915527344,4332300
2019-10-21 19:00:00,26.290000915527344,26.579999923706055,25.43000030517578,25.5,3318300
2019-10-22 19:00:00,25.510000228881836,26.049999237060547,25.229999542236328,25.979999542236328,4166600
2019-10-23 19:00:00,25.889999389648438,26.020000457763672,25.21500015258789,25.610000610351562,4140000
2019-10-24 19:00:00,25.6299991607666,26.549999237060547,25.5,26.3700008392334,5359700
2019-10-25 19:00:00,26.3700008392334,26.959999084472656,26.239999771118164,26.729999542236328,2676900
2019-10-28 19:00:00,26.790000915527344,27.139999389648438,26.600000381469727,26.770000457763672,2943500
2019-10-29 19:00:00,26.510000228881836,27.239999771118164,26.420000076293945,26.780000686645508,2837000
2019-10-30 19:00:00,27.049999237060547,27.59000015258789,26.90999984741211,27.479999542236328,5993500
2019-10-31 19:00:00,26.5,27.479999542236328,25.25,26.3799991607666,7084400
2019-11-01 19:00:00,26.18000030517578,26.600000381469727,25.510000228881836,26.18000030517578,10081500
2019-11-04 20:00:00,26.170000076293945,26.420000076293945,25.649999618530273,25.739999771118164,8316200
2019-11-05 20:00:00,25.479999542236328,26.030000686645508,24.760000228881836,25.65999984741211,8240500
2019-11-06 20:00:00,25.81999969482422,26.31999969482422,25.719999313354492,26.1299991607666,6560000
2019-11-07 20:00:00,26.469999313354492,26.479999542236328,26.1200008392334,26.149999618530273,4554200
2019-11-08 20:00:00,26.100000381469727,26.363000869750977,25.90999984741211,26.200000762939453,2998800
2019-11-11 20:00:00,26.040000915527344,26.739999771118164,25.690000534057617,26.739999771118164,3258300
2019-11-12 20:00:00,26.93000030517578,27.239999771118164,26.530000686645508,26.719999313354492,4665500
2019-11-13 20:00:00,26.5,26.540000915527344,25.459999084472656,25.719999313354492,3759900
2019-11-14 20:00:00,25.709999084472656,26.860000610351562,25.709999084472656,26.3799991607666,7274500
2019-11-15 20:00:00,26.56999969482422,26.6200008392334,25.434999465942383,25.479999542236328,4788600
2019-11-18 20:00:00,25.5,25.764999389648438,25.360000610351562,25.479999542236328,4656400
2019-11-19 20:00:00,25.549999237060547,25.924999237060547,25.309999465942383,25.700000762939453,4135100
2019-11-20 20:00:00,25.6200008392334,25.700000762939453,24.915000915527344,24.979999542236328,4531200
2019-11-21 20:00:00,24.969999313354492,25.40999984741211,24.93000030517578,25.110000610351562,4165700
2019-11-22 20:00:00,25.030000686645508,25.575000762939453,25.030000686645508,25.540000915527344,11212400
2019-11-25 20:00:00,25.739999771118164,26.110000610351562,25.649999618530273,25.93000030517578,6107900
2019-11-26 20:00:00,25.780000686645508,26.204999923706055,25.700000762939453,25.8799991607666,7580900
2019-11-27 20:00:00,25.770000457763672,26.219999313354492,25.68000030517578,26.049999237060547,6745600
2019-11-29 20:00:00,25.969999313354492,26.079999923706055,25.549999237060547,26.020000457763672,8233100
2019-12-02 20:00:00,26.030000686645508,26.139999389648438,25.040000915527344,25.18000030517578,7232800
2019-12-03 20:00:00,24.81999969482422,24.8700008392334,24.299999237060547,24.649999618530273,8645000
2019-12-04 20:00:00,24.899999618530273,25.211999893188477,24.6200008392334,24.84000015258789,13263000
2019-12-05 20:00:00,24.969999313354492,25.09000015258789,24.100000381469727,24.81999969482422,7510700
2019-12-06 20:00:00,25.0,25.559999465942383,24.940000534057617,25.260000228881836,5835800
2019-12-09 20:00:00,25.469999313354492,26.1299991607666,25.395000457763672,25.770000457763672,6603500
2019-12-10 20:00:00,25.690000534057617,25.8799991607666,25.420000076293945,25.8700008392334,5134600
2019-12-11 20:00:00,25.889999389648438,26.270000457763672,25.829999923706055,26.200000762939453,5215000
2019-12-12 20:00:00,26.1200008392334,27.075000762939453,26.0,26.979999542236328,4930200
2019-12-13 20:00:00,26.979999542236328,27.149999618530273,26.459999084472656,26.489999771118164,6268800
2019-12-16 20:00:00,26.940000534057617,27.559999465942383,26.850000381469727,27.549999237060547,9527400
2019-12-17 20:00:00,27.260000228881836,27.549999237060547,26.579999923706055,26.770000457763672,9227900
2019-12-18 20:00:00,26.709999084472656,27.940000534057617,26.489999771118164,27.81999969482422,13869000
2019-12-19 20:00:00,27.739999771118164,28.270000457763672,27.459999084472656,27.709999084472656,11975100
2019-12-20 20:00:00,27.68000030517578,28.25,27.440000534057617,28.18000030517578,30573900
2019-12-23 20:00:00,28.190000534057617,28.7450008392334,28.100000381469727,28.65999984741211,5970800
2019-12-24 20:00:00,28.600000381469727,29.040000915527344,28.3799991607666,28.809999465942383,1698400
2019-12-26 20:00:00,28.68000030517578,29.200000762939453,28.6299991607666,29.190000534057617,2599300
2019-12-27 20:00:00,29.200000762939453,29.280000686645508,28.979999542236328,29.139999389648438,2738200
2019-12-30 20:00:00,29.1299991607666,29.229999542236328,28.790000915527344,28.860000610351562,2795600
2019-12-31 20:00:00,28.850000381469727,29.59000015258789,28.809999465942383,29.559999465942383,3414500
2020-01-02 20:00:00,29.809999465942383,29.809999465942383,28.719999313354492,28.739999771118164,6896100
2020-01-03 20:00:00,28.420000076293945,28.899999618530273,28.360000610351562,28.399999618530273,5611400
2020-01-06 20:00:00,28.079999923706055,28.500999450683594,27.975000381469727,28.360000610351562,6972800
2020-01-07 20:00:00,28.309999465942383,28.719999313354492,28.170000076293945,28.469999313354492,6014800
2020-01-08 20:00:00,28.5,28.780000686645508,28.100000381469727,28.700000762939453,3684500
2020-01-09 20:00:00,28.799999237060547,28.850000381469727,28.3799991607666,28.729999542236328,3703200
2020-01-10 20:00:00,28.809999465942383,28.93000030517578,28.31999969482422,28.350000381469727,4498700
2020-01-13 20:00:00,28.34000015258789,28.600000381469727,28.155000686645508,28.579999923706055,4735100
2020-01-14 20:00:00,28.559999465942383,28.790000915527344,28.299999237060547,28.639999389648438,5370600
2020-01-15 20:00:00,28.649999618530273,28.889999389648438,28.475000381469727,28.68000030517578,6336800
2020-01-16 20:00:00,28.770000457763672,29.260000228881836,28.524999618530273,29.219999313354492,5847900
2020-01-17 20:00:00,28.459999084472656,28.6299991607666,27.6299991607666,28.299999237060547,8668600
2020-01-21 20:00:00,28.059999465942383,28.350000381469727,27.709999084472656,27.81999969482422,5514000
2020-01-22 20:00:00,27.81999969482422,28.25,27.5,28.15999984741211,8672900
2020-01-23 20:00:00,28.010000228881836,28.510000228881836,27.510000228881836,28.450000762939453,4139400
2020-01-24 20:00:00,28.309999465942383,28.354999542236328,27.709999084472656,27.950000762939453,4996200
2020-01-27 20:00:00,27.229999542236328,27.530000686645508,26.969999313354492,27.15999984741211,4195000
2020-01-28 20:00:00,27.299999237060547,27.579999923706055,27.0,27.559999465942383,5618800
2020-01-29 20:00:00,27.549999237060547,27.989999771118164,27.510000228881836,27.799999237060547,3499600
2020-01-30 20:00:00,27.940000534057617,29.44700050354004,27.600000381469727,29.239999771118164,9762200
2020-01-31 20:00:00,28.780000686645508,29.149999618530273,28.459999084472656,28.920000076293945,6788300
2020-02-03 20:00:00,29.059999465942383,30.260000228881836,28.81999969482422,30.1200008392334,9430800
2020-02-04 20:00:00,30.610000610351562,31.110000610351562,30.045000076293945,30.950000762939453,5853400
2020-02-05 20:00:00,30.31999969482422,31.709999084472656,29.690000534057617,31.709999084472656,5745300
2020-02-06 20:00:00,32.0,32.06999969482422,31.299999237060547,31.59000015258789,6383600
2020-02-07 20:00:00,31.40999984741211,31.43000030517578,30.795000076293945,31.040000915527344,3716100
2020-02-10 20:00:00,30.739999771118164,31.014999389648438,30.46500015258789,30.600000381469727,3416600
2020-02-11 20:00:00,30.65999984741211,31.350000381469727,30.40999984741211,30.510000228881836,3705400
2020-02-12 20:00:00,30.739999771118164,31.09000015258789,30.649999618530273,30.940000534057617,3023400
2020-02-13 20:00:00,30.68000030517578,31.040000915527344,30.454999923706055,30.600000381469727,4543000
2020-02-14 20:00:00,30.65999984741211,30.93000030517578,30.579999923706055,30.709999084472656,3895500
2020-02-18 20:00:00,30.68000030517578,31.479999542236328,30.610000610351562,31.399999618530273,3524700
2020-02-19 20:00:00,31.399999618530273,31.799999237060547,31.219999313354492,31.520000457763672,3042600
2020-02-20 20:00:00,31.3700008392334,32.08000183105469,31.31999969482422,31.56999969482422,2460300
2020-02-21 20:00:00,31.350000381469727,31.670000076293945,31.18000030517578,31.219999313354492,3955200
2020-02-24 20:00:00,30.469999313354492,30.889999389648438,30.270000457763672,30.65999984741211,3441300
2020-02-25 20:00:00,30.6200008392334,30.81999969482422,28.229999542236328,28.3799991607666,5045600
2020-02-26 20:00:00,28.40999984741211,29.33300018310547,28.31999969482422,28.5,4157900
2020-02-27 20:00:00,28.1200008392334,28.670000076293945,27.239999771118164,27.290000915527344,4702500
2020-02-28 20:00:00,26.530000686645508,27.200000762939453,25.860000610351562,27.200000762939453,9732700
2020-03-02 20:00:00,27.270000457763672,28.260000228881836,26.86199951171875,28.239999771118164,7440100
2020-03-03 20:00:00,28.479999542236328,29.260000228881836,27.489999771118164,27.920000076293945,8503900
2020-03-04 20:00:00,28.190000534057617,28.920000076293945,27.809999465942383,28.899999618530273,6341400
2020-03-05 20:00:00,28.0,28.424999237060547,27.15999984741211,27.309999465942383,3974300
2020-03-06 20:00:00,26.520000457763672,26.579999923706055,24.920000076293945,25.299999237060547,5843700
2020-03-09 19:00:00,23.280000686645508,24.31999969482422,22.8700008392334,23.06999969482422,7758500
2020-03-10 19:00:00,24.399999618530273,25.989999771118164,23.8799991607666,25.90999984741211,6696200
2020-03-11 19:00:00,25.010000228881836,25.65999984741211,24.450000762939453,25.0,6382300
2020-03-12 19:00:00,22.8700008392334,24.950000762939453,22.260000228881836,22.34000015258789,6448100
2020-03-13 19:00:00,23.829999923706055,25.0,21.549999237060547,24.81999969482422,7214500
2020-03-16 19:00:00,21.510000228881836,23.34000015258789,20.565000534057617,20.739999771118164,6308300
2020-03-17 19:00:00,21.229999542236328,24.139999389648438,20.719999313354492,22.670000076293945,7555300
2020-03-18 19:00:00,21.079999923706055,23.399999618530273,20.3799991607666,21.56999969482422,7526200
2020-03-19 19:00:00,21.18000030517578,24.799999237060547,20.540000915527344,23.260000228881836,5291400
2020-03-20 19:00:00,23.200000762939453,23.239999771118164,21.110000610351562,22.530000686645508,10607100
2020-03-23 19:00:00,22.219999313354492,23.52899932861328,21.420000076293945,21.920000076293945,8693500
2020-03-24 19:00:00,23.010000228881836,23.969999313354492,21.5,22.329999923706055,8305600
2020-03-25 19:00:00,22.75,25.139999389648438,22.139999389648438,23.399999618530273,5823500
2020-03-26 19:00:00,23.110000610351562,24.850000381469727,22.885000228881836,24.139999389648438,7085600
2020-03-27 19:00:00,23.110000610351562,24.809999465942383,22.665000915527344,23.209999084472656,4538800
2020-03-30 19:00:00,23.280000686645508,24.31999969482422,22.90999984741211,24.09000015258789,4469500
2020-03-31 19:00:00,24.229999542236328,24.56999969482422,23.350000381469727,23.5,4090400
2020-04-01 19:00:00,23.25,23.600000381469727,22.350000381469727,22.510000228881836,6706600
2020-04-02 19:00:00,22.850000381469727,23.43000030517578,21.816999435424805,22.239999771118164,6302000
2020-04-03 19:00:00,22.209999084472656,23.049999237060547,22.1200008392334,22.6200008392334,5961100
2020-04-06 19:00:00,23.5,24.57200050354004,23.219999313354492,24.260000228881836,6132500
2020-04-07 19:00:00,25.0,25.93000030517578,24.350000381469727,24.530000686645508,5777100
2020-04-08 19:00:00,24.549999237060547,26.170000076293945,24.40999984741211,26.049999237060547,4231800
2020-04-09 19:00:00,26.200000762939453,28.06999969482422,26.200000762939453,27.93000030517578,6076900
2020-04-13 19:00:00,27.31999969482422,27.489999771118164,25.899999618530273,26.559999465942383,3453900
2020-04-14 19:00:00,27.59000015258789,27.844999313354492,26.040000915527344,26.440000534057617,2853300
2020-04-15 19:00:00,26.06999969482422,26.149999618530273,24.614999771118164,25.510000228881836,2927100
2020-04-16 19:00:00,25.3799991607666,25.743999481201172,24.579999923706055,25.15999984741211,2663500
2020-04-17 19:00:00,25.940000534057617,26.315000534057617,24.920000076293945,25.510000228881836,5696900
2020-04-20 19:00:00,25.860000610351562,25.860000610351562,24.56999969482422,24.6299991607666,4242500
2020-04-21 19:00:00,24.010000228881836,24.950000762939453,23.860000610351562,24.270000457763672,5773900
2020-04-22 19:00:00,24.75,25.21500015258789,24.290000915527344,24.940000534057617,3936700
2020-04-23 19:00:00,25.280000686645508,25.84000015258789,25.010000228881836,25.399999618530273,2754500
2020-04-24 19:00:00,25.579999923706055,26.68000030517578,25.3799991607666,26.270000457763672,3851300
2020-04-27 19:00:00,26.329999923706055,26.559999465942383,25.510000228881836,25.559999465942383,4908800
2020-04-28 19:00:00,26.149999618530273,26.514999389648438,25.809999465942383,26.190000534057617,3812800
2020-04-29 19:00:00,26.81999969482422,27.260000228881836,26.459999084472656,27.049999237060547,2008800
2020-04-30 19:00:00,26.700000762939453,26.700000762939453,25.860000610351562,26.190000534057617,2678300
2020-05-01 19:00:00,25.829999923706055,25.829999923706055,25.09000015258789,25.489999771118164,2457600
2020-05-04 19:00:00,25.149999618530273,25.459999084472656,24.81800079345703,25.420000076293945,4121600
2020-05-05 19:00:00,25.399999618530273,26.510000228881836,25.209999084472656,26.18000030517578,2412300
2020-05-06 19:00:00,26.190000534057617,26.729999542236328,25.010000228881836,25.010000228881836,3304300
2020-05-07 19:00:00,25.969999313354492,27.25,25.969999313354492,26.450000762939453,4475300
2020-05-08 19:00:00,26.719999313354492,26.969999313354492,25.459999084472656,25.979999542236328,4765100
2020-05-11 19:00:00,25.100000381469727,25.149999618530273,24.290000915527344,24.3799991607666,6871900
2020-05-12 19:00:00,24.290000915527344,24.450000762939453,23.219999313354492,23.25,4881100
2020-05-13 19:00:00,23.149999618530273,23.399999618530273,22.3799991607666,23.270000457763672,4581500
2020-05-14 19:00:00,22.770000457763672,23.360000610351562,22.3799991607666,23.31999969482422,3357400
2020-05-15 19:00:00,23.200000762939453,23.270000457763672,22.6200008392334,22.770000457763672,3601200
2020-05-18 19:00:00,23.690000534057617,24.280000686645508,23.040000915527344,24.010000228881836,5834600
2020-05-19 19:00:00,24.110000610351562,24.3799991607666,23.59000015258789,23.989999771118164,6195900
2020-05-20 19:00:00,24.68000030517578,25.604999542236328,24.649999618530273,25.09000015258789,4719600
2020-05-21 19:00:00,24.940000534057617,25.479999542236328,24.510000228881836,24.549999237060547,4021000
2020-05-22 19:00:00,24.5,24.670000076293945,24.25,24.540000915527344,3830600
2020-05-26 19:00:00,25.43000030517578,26.059999465942383,25.200000762939453,25.639999389648438,3797800
2020-05-27 19:00:00,25.889999389648438,26.174999237060547,25.459999084472656,25.799999237060547,5831000
2020-05-28 19:00:00,26.260000228881836,27.469999313354492,25.920000076293945,26.989999771118164,4069200
2020-05-29 19:00:00,26.729999542236328,27.43000030517578,26.709999084472656,27.309999465942383,6293700
2020-06-01 19:00:00,27.100000381469727,27.25,26.5,26.81999969482422,3167100
2020-06-02 19:00:00,26.93000030517578,28.030000686645508,26.75,28.010000228881836,4302500
2020-06-03 19:00:00,28.170000076293945,28.950000762939453,28.149999618530273,28.5,3287700
2020-06-04 19:00:00,28.799999237060547,30.18000030517578,28.6299991607666,30.170000076293945,6759100
2020-06-05 19:00:00,31.0,31.690000534057617,30.489999771118164,30.649999618530273,4189400
2020-06-08 19:00:00,29.690000534057617,30.81999969482422,29.309999465942383,30.010000228881836,4850400
2020-06-09 19:00:00,29.639999389648438,29.96500015258789,29.079999923706055,29.59000015258789,5365200
2020-06-10 19:00:00,29.479999542236328,30.1299991607666,29.139999389648438,29.139999389648438,4184300
2020-06-11 19:00:00,28.43000030517578,28.440000534057617,27.020000457763672,27.100000381469727,5928500
2020-06-12 19:00:00,28.440000534057617,28.489999771118164,27.200000762939453,27.540000915527344,3843900
2020-06-15 19:00:00,26.739999771118164,27.110000610351562,26.520000457763672,26.770000457763672,5109000
2020-06-16 19:00:00,28.3799991607666,28.719999313354492,27.450000762939453,27.81999969482422,8797100
2020-06-17 19:00:00,27.770000457763672,27.889999389648438,27.06999969482422,27.350000381469727,5295300
2020-06-18 19:00:00,27.350000381469727,27.56999969482422,27.209999084472656,27.479999542236328,4402000
2020-06-19 19:00:00,27.989999771118164,27.989999771118164,26.729999542236328,27.1299991607666,6693100
2020-06-22 19:00:00,26.969999313354492,27.649999618530273,26.510000228881836,27.579999923706055,3936700
2020-06-23 19:00:00,27.84000015258789,27.90999984741211,27.3700008392334,27.420000076293945,3022700
2020-06-24 19:00:00,26.8700008392334,26.920000076293945,26.030000686645508,26.06999969482422,3985000
2020-06-25 19:00:00,25.979999542236328,26.3700008392334,25.719999313354492,26.200000762939453,5600200
2020-06-26 19:00:00,26.110000610351562,26.15999984741211,25.53499984741211,25.920000076293945,4319200
2020-06-29 19:00:00,26.350000381469727,26.6299991607666,26.040000915527344,26.139999389648438,3931000
2020-06-30 19:00:00,26.1200008392334,27.079999923706055,25.799999237060547,26.790000915527344,4590500
2020-07-01 19:00:00,26.950000762939453,27.399999618530273,26.459999084472656,27.040000915527344,4838000
2020-07-02 19:00:00,27.3799991607666,28.110000610351562,27.3799991607666,27.56999969482422,3766400
2020-07-06 19:00:00,28.219999313354492,28.219999313354492,27.079999923706055,27.530000686645508,3668300
2020-07-07 19:00:00,27.270000457763672,27.270000457763672,26.899999618530273,27.139999389648438,5931800
2020-07-08 19:00:00,27.079999923706055,27.1299991607666,25.440000534057617,25.860000610351562,5560400
2020-07-09 19:00:00,26.030000686645508,26.05500030517578,25.440000534057617,25.75,4392200
2020-07-10 19:00:00,25.829999923706055,26.6200008392334,25.700000762939453,26.6200008392334,2464100
2020-07-13 19:00:00,27.110000610351562,27.18000030517578,26.600000381469727,26.84000015258789,2782600
2020-07-14 19:00:00,26.670000076293945,27.239999771118164,26.510000228881836,27.079999923706055,8445800
2020-07-15 19:00:00,27.860000610351562,28.049999237060547,27.420000076293945,27.940000534057617,2994200
2020-07-16 19:00:00,27.75,28.2549991607666,27.71500015258789,27.920000076293945,1977300
2020-07-17 19:00:00,28.059999465942383,28.43000030517578,27.75,28.350000381469727,2704500
2020-07-20 19:00:00,28.1299991607666,28.260000228881836,27.719999313354492,27.719999313354492,1677300
2020-07-21 19:00:00,27.860000610351562,28.450000762939453,27.860000610351562,28.350000381469727,3064200
2020-07-22 19:00:00,28.040000915527344,28.68000030517578,28.040000915527344,28.65999984741211,1954200
2020-07-23 19:00:00,28.469999313354492,28.920000076293945,28.325000762939453,28.670000076293945,2428200
2020-07-24 19:00:00,28.739999771118164,28.809999465942383,28.309999465942383,28.520000457763672,1877400
2020-07-27 19:00:00,28.559999465942383,29.0,28.479999542236328,28.809999465942383,2683100
2020-07-28 19:00:00,28.65999984741211,28.760000228881836,28.1299991607666,28.190000534057617,3500600
2020-07-29 19:00:00,28.1299991607666,28.829999923706055,28.1299991607666,28.809999465942383,2840200
2020-07-30 19:00:00,28.219999313354492,28.530000686645508,27.790000915527344,28.479999542236328,3311900
2020-07-31 19:00:00,28.399999618530273,28.700000762939453,28.020000457763672,28.559999465942383,7305100
2020-08-03 19:00:00,28.780000686645508,28.899999618530273,28.469999313354492,28.520000457763672,3600600
2020-08-04 19:00:00,28.5,28.99799919128418,28.43000030517578,28.709999084472656,4663400
2020-08-05 19:00:00,29.0,29.139999389648438,28.549999237060547,28.549999237060547,5502300
2020-08-06 19:00:00,26.8799991607666,27.25,25.219999313354492,25.420000076293945,11668200
2020-08-07 19:00:00,25.34000015258789,25.5,24.829999923706055,25.31999969482422,7460000
2020-08-10 19:00:00,25.040000915527344,25.6299991607666,24.979999542236328,25.420000076293945,8355800
2020-08-11 19:00:00,25.889999389648438,27.030000686645508,25.7450008392334,26.780000686645508,8120000
2020-08-12 19:00:00,27.200000762939453,27.299999237060547,26.1299991607666,26.360000610351562,5139300
2020-08-13 19:00:00,26.329999923706055,27.0,26.079999923706055,26.920000076293945,9040600
2020-08-14 19:00:00,26.75,28.110000610351562,26.559999465942383,27.8700008392334,5367300
2020-08-17 19:00:00,27.889999389648438,28.139999389648438,27.33300018310547,27.770000457763672,9275000
2020-08-18 19:00:00,27.850000381469727,28.420000076293945,27.809999465942383,28.399999618530273,3124700
2020-08-19 19:00:00,28.149999618530273,28.610000610351562,28.0,28.559999465942383,5122000
2020-08-20 19:00:00,28.25,28.799999237060547,28.170000076293945,28.799999237060547,4583500
2020-08-21 19:00:00,28.639999389648438,28.700000762939453,28.014999389648438,28.440000534057617,6864100
2020-08-24 19:00:00,28.8700008392334,28.979999542236328,28.200000762939453,28.540000915527344,4409500
2020-08-25 19:00:00,28.700000762939453,29.170000076293945,28.610000610351562,28.649999618530273,2344000
2020-08-26 19:00:00,28.649999618530273,29.280000686645508,28.43000030517578,29.229999542236328,2458300
2020-08-27 19:00:00,29.239999771118164,29.450000762939453,29.05500030517578,29.290000915527344,1791300
2020-08-28 19:00:00,29.399999618530273,29.81999969482422,29.1299991607666,29.520000457763672,3202600
2020-08-31 19:00:00,29.43000030517578,29.43000030517578,28.530000686645508,28.549999237060547,3974800
2020-09-01 19:00:00,28.579999923706055,29.450000762939453,28.420000076293945,29.440000534057617,3797800
2020-09-02 19:00:00,29.329999923706055,30.190000534057617,29.1200008392334,30.1299991607666,3610200
2020-09-03 19:00:00,29.920000076293945,30.209999084472656,29.110000610351562,29.40999984741211,3800800
2020-09-04 19:00:00,29.799999237060547,30.1200008392334,29.05500030517578,29.31999969482422,5136800
2020-09-08 19:00:00,29.06999969482422,29.06999969482422,28.229999542236328,28.299999237060547,4213500
2020-09-09 19:00:00,28.540000915527344,29.40999984741211,28.510000228881836,28.739999771118164,2818000
2020-09-10 19:00:00,28.719999313354492,29.260000228881836,28.690000534057617,29.139999389648438,4138000
2020-09-11 19:00:00,29.34000015258789,29.450000762939453,28.93000030517578,29.020000457763672,3131400
2020-09-14 19:00:00,29.110000610351562,29.43000030517578,28.844999313354492,28.969999313354492,3917900
2020-09-15 19:00:00,29.059999465942383,29.690000534057617,29.030000686645508,29.450000762939453,3127900
2020-09-16 19:00:00,29.59000015258789,29.959999084472656,29.135000228881836,29.229999542236328,5769100
2020-09-17 19:00:00,28.899999618530273,29.760000228881836,28.739999771118164,29.579999923706055,5728400
2020-09-18 19:00:00,29.6299991607666,29.719999313354492,28.854999542236328,28.989999771118164,7175600
2020-09-21 19:00:00,28.190000534057617,28.520000457763672,27.915000915527344,28.219999313354492,6130200
2020-09-22 19:00:00,28.09000015258789,28.239999771118164,27.809999465942383,28.09000015258789,5703500
2020-09-23 19:00:00,27.90999984741211,28.309999465942383,27.389999389648438,27.459999084472656,4874200
2020-09-24 19:00:00,27.459999084472656,27.954999923706055,27.18000030517578,27.6299991607666,3031700
2020-09-25 19:00:00,27.3700008392334,28.53499984741211,27.309999465942383,28.3799991607666,2556300
2020-09-28 19:00:00,28.81999969482422,29.31999969482422,28.75,28.969999313354492,2714400
2020-09-29 19:00:00,28.770000457763672,29.020000457763672,28.485000610351562,28.59000015258789,1972000
2020-09-30 19:00:00,28.770000457763672,29.540000915527344,28.524999618530273,28.809999465942383,8009400
2020-10-01 19:00:00,28.8799991607666,29.309999465942383,28.610000610351562,28.68000030517578,4918400
2020-10-02 19:00:00,28.399999618530273,29.780000686645508,28.290000915527344,29.3700008392334,4851300
2020-10-05 19:00:00,29.770000457763672,30.280000686645508,29.770000457763672,30.110000610351562,5166300
2020-10-06 19:00:00,30.34000015258789,30.7549991607666,30.030000686645508,30.09000015258789,4972400
2020-10-07 19:00:00,30.40999984741211,31.079999923706055,30.3700008392334,30.530000686645508,5575400
2020-10-08 19:00:00,31.78499984741211,32.63999938964844,31.29599952697754,32.33000183105469,7033600
2020-10-09 19:00:00,32.45000076293945,33.689998626708984,32.290000915527344,33.43000030517578,5323300
2020-10-12 19:00:00,33.61000061035156,33.86000061035156,33.310001373291016,33.59000015258789,3968100
2020-10-13 19:00:00,33.310001373291016,33.77000045776367,33.012001037597656,33.70000076293945,5405200
2020-10-14 19:00:00,33.790000915527344,34.36000061035156,33.470001220703125,33.81999969482422,3363700
2020-10-15 19:00:00,33.18000030517578,34.095001220703125,33.18000030517578,33.9900016784668,3035100
2020-10-16 19:00:00,34.33000183105469,34.40999984741211,34.06999969482422,34.08000183105469,2802000
2020-10-19 19:00:00,34.2599983215332,34.540000915527344,33.189998626708984,33.52000045776367,5716500
2020-10-20 19:00:00,33.7400016784668,33.75,32.91999816894531,33.06999969482422,3697400
2020-10-21 19:00:00,33.099998474121094,33.290000915527344,32.73099899291992,32.900001525878906,3451400
2020-10-22 19:00:00,32.939998626708984,33.369998931884766,32.75,33.130001068115234,2646200
2020-10-23 19:00:00,33.150001525878906,33.494998931884766,33.040000915527344,33.16999816894531,3552400
2020-10-26 19:00:00,32.83000183105469,33.0,32.20500183105469,32.709999084472656,2679000
2020-10-27 19:00:00,32.779998779296875,32.84000015258789,32.33000183105469,32.34000015258789,2268400
2020-10-28 19:00:00,31.459999084472656,32.119998931884766,31.15999984741211,31.860000610351562,3974000
2020-10-29 19:00:00,31.600000381469727,32.685001373291016,31.540000915527344,32.5,3936000
2020-10-30 19:00:00,32.38999938964844,32.97999954223633,32.11000061035156,32.97999954223633,4327700
2020-11-02 20:00:00,33.279998779296875,33.84000015258789,33.099998474121094,33.47999954223633,3722000
2020-11-03 20:00:00,33.400001525878906,33.54999923706055,32.529998779296875,32.93000030517578,3620600
2020-11-04 20:00:00,32.959999084472656,33.3849983215332,32.11000061035156,32.779998779296875,3832400
2020-11-05 20:00:00,33.150001525878906,34.45000076293945,33.09000015258789,33.939998626708984,3876100
2020-11-06 20:00:00,34.189998626708984,34.388999938964844,33.6150016784668,33.70000076293945,2576800
2020-11-09 20:00:00,34.9900016784668,36.279998779296875,34.599998474121094,34.63999938964844,4633900
2020-11-10 20:00:00,34.75,36.38999938964844,34.75,36.22999954223633,6713100
2020-11-11 20:00:00,36.369998931884766,36.900001525878906,36.150001525878906,36.630001068115234,4494500
2020-11-12 20:00:00,36.34000015258789,36.34000015258789,34.8650016784668,35.060001373291016,3750300
2020-11-13 20:00:00,35.130001068115234,36.220001220703125,35.130001068115234,36.0099983215332,3361500
2020-11-16 20:00:00,36.900001525878906,37.56999969482422,36.34000015258789,37.43000030517578,3498000
2020-11-17 20:00:00,37.0099983215332,37.29499816894531,36.560001373291016,37.02000045776367,3706200
2020-11-18 20:00:00,37.2400016784668,37.540000915527344,36.689998626708984,36.689998626708984,2329400
2020-11-19 20:00:00,36.63999938964844,37.310001373291016,36.38999938964844,36.959999084472656,3274100
2020-11-20 20:00:00,36.935001373291016,37.27000045776367,36.849998474121094,37.15999984741211,2536500
2020-11-23 20:00:00,37.529998779296875,38.29999923706055,37.52000045776367,37.790000915527344,2712000
2020-11-24 20:00:00,38.15999984741211,39.0099983215332,37.90999984741211,38.900001525878906,4449400
2020-11-25 20:00:00,38.779998779296875,38.88999938964844,38.32500076293945,38.58000183105469,2738900
2020-11-27 20:00:00,38.540000915527344,38.970001220703125,38.31999969482422,38.40999984741211,1368500
2020-11-30 20:00:00,38.40999984741211,38.59000015258789,37.7400016784668,38.31999969482422,4864600
2020-12-01 20:00:00,38.70000076293945,39.439998626708984,38.2400016784668,38.310001373291016,3367500
2020-12-02 20:00:00,38.130001068115234,38.67499923706055,37.90999984741211,38.27000045776367,3503800
2020-12-03 20:00:00,38.15999984741211,38.619998931884766,37.86000061035156,38.209999084472656,2874200
2020-12-04 20:00:00,38.38999938964844,38.81999969482422,38.25,38.650001525878906,3633500
2020-12-07 20:00:00,38.4900016784668,38.775001525878906,37.834999084472656,37.939998626708984,3012900
2020-12-08 20:00:00,37.7599983215332,38.45500183105469,37.61000061035156,38.41999816894531,4178100
2020-12-09 20:00:00,38.470001220703125,39.369998931884766,38.459999084472656,39.0099983215332,3293800
2020-12-10 20:00:00,38.66999816894531,39.22999954223633,38.4900016784668,38.7400016784668,3124000
2020-12-11 20:00:00,38.310001373291016,38.70000076293945,38.060001373291016,38.38999938964844,3131000
2020-12-14 20:00:00,40.0,40.22999954223633,38.71500015258789,38.7599983215332,3594000
2020-12-15 20:00:00,39.2400016784668,39.31800079345703,38.2400016784668,39.220001220703125,3789100
2020-12-16 20:00:00,39.29999923706055,39.29999923706055,38.619998931884766,39.08000183105469,3164700
2020-12-17 20:00:00,39.33000183105469,39.70000076293945,39.21200180053711,39.68000030517578,4322000
2020-12-18 20:00:00,39.41999816894531,39.68000030517578,38.82500076293945,39.40999984741211,9395000
2020-12-21 20:00:00,38.65999984741211,39.619998931884766,38.32099914550781,39.54999923706055,2894300
2020-12-22 20:00:00,39.61000061035156,39.71500015258789,38.95000076293945,38.97999954223633,2713800
2020-12-23 20:00:00,39.11000061035156,39.540000915527344,39.11000061035156,39.18000030517578,2330800
2020-12-24 20:00:00,39.029998779296875,39.54999923706055,39.029998779296875,39.5,847600
2020-12-28 20:00:00,39.369998931884766,39.56999969482422,38.31999969482422,38.349998474121094,2545800
2020-12-29 20:00:00,38.66999816894531,38.91999816894531,37.67499923706055,37.939998626708984,3183900
2020-12-30 20:00:00,38.189998626708984,38.689998626708984,38.0099983215332,38.439998626708984,3396800
2020-12-31 20:00:00,38.65999984741211,38.970001220703125,38.290000915527344,38.720001220703125,2316800
2021-01-04 20:00:00,38.869998931884766,39.20000076293945,38.09000015258789,38.349998474121094,3693700
2021-01-05 20:00:00,38.279998779296875,39.04999923706055,38.220001220703125,38.81999969482422,2647700
2021-01-06 20:00:00,39.31999969482422,41.5099983215332,38.9900016784668,41.06999969482422,4991400
2021-01-07 20:00:00,41.650001525878906,42.4900016784668,41.380001068115234,41.79999923706055,3986200
2021-01-08 20:00:00,42.52000045776367,43.33000183105469,42.16999816894531,43.25,4667300
2021-01-11 20:00:00,42.63999938964844,43.7599983215332,42.45500183105469,43.619998931884766,3624100
2021-01-12 20:00:00,43.5,44.849998474121094,43.08000183105469,44.58000183105469,4517800
2021-01-13 20:00:00,44.47999954223633,44.959999084472656,43.459999084472656,44.130001068115234,2634700
2021-01-14 20:00:00,44.310001373291016,44.7400016784668,44.060001373291016,44.209999084472656,2113100
2021-01-15 20:00:00,43.880001068115234,43.9900016784668,43.04999923706055,43.75,3792200
2021-01-19 20:00:00,43.70000076293945,43.810001373291016,42.900001525878906,43.529998779296875,2507900
2021-01-20 20:00:00,43.880001068115234,43.900001525878906,43.290000915527344,43.65999984741211,2660900
2021-01-21 20:00:00,43.790000915527344,44.36000061035156,41.33000183105469,41.650001525878906,6190400
2021-01-22 20:00:00,41.279998779296875,42.279998779296875,41.04999923706055,42.060001373291016,5239000
2021-01-25 20:00:00,41.65999984741211,41.849998474121094,40.09000015258789,41.29999923706055,4729600
2021-01-26 20:00:00,41.59000015258789,41.83000183105469,39.470001220703125,39.47999954223633,3252100
2021-01-27 20:00:00,38.83000183105469,38.869998931884766,36.540000915527344,38.689998626708984,5413500
2021-01-28 20:00:00,39.25,40.630001068115234,39.13999938964844,40.290000915527344,4019100
2021-01-29 20:00:00,39.93000030517578,40.38999938964844,39.380001068115234,39.86000061035156,3686800
2021-02-01 20:00:00,40.13999938964844,41.09000015258789,39.86000061035156,40.709999084472656,2761800
2021-02-02 20:00:00,41.279998779296875,41.86000061035156,41.08000183105469,41.4900016784668,2451400
2021-02-03 20:00:00,41.529998779296875,42.13999938964844,41.222999572753906,41.86000061035156,2668700
2021-02-04 20:00:00,41.849998474121094,43.33000183105469,41.20000076293945,42.65999984741211,3403300
2021-02-05 20:00:00,44.68000030517578,44.93000030517578,43.75,43.900001525878906,3533300
2021-02-08 20:00:00,43.939998626708984,44.13999938964844,43.29999923706055,43.61000061035156,2719500
2021-02-09 20:00:00,43.66999816894531,43.97999954223633,43.209999084472656,43.43000030517578,4515600
2021-02-10 20:00:00,43.459999084472656,43.54999923706055,42.2400016784668,43.040000915527344,3234700
2021-02-11 20:00:00,42.959999084472656,43.79999923706055,42.880001068115234,43.540000915527344,3030100
2021-02-12 20:00:00,43.54999923706055,44.45500183105469,43.525001525878906,44.369998931884766,1973600
2021-02-16 20:00:00,44.31999969482422,45.35499954223633,44.310001373291016,45.279998779296875,2532300
2021-02-17 20:00:00,45.0,45.17499923706055,44.220001220703125,44.97999954223633,1877600
2021-02-18 20:00:00,44.90999984741211,45.08000183105469,43.439998626708984,44.20000076293945,3106400
2021-02-19 20:00:00,44.36000061035156,45.86000061035156,44.29999923706055,45.470001220703125,3558400
2021-02-22 20:00:00,45.58000183105469,46.7599983215332,45.11000061035156,46.68000030517578,4308400
2021-02-23 20:00:00,46.5099983215332,46.89500045776367,45.880001068115234,46.43000030517578,6306000
2021-02-24 20:00:00,46.4900016784668,47.150001525878906,46.31999969482422,46.40999984741211,3217000
2021-02-25 20:00:00,46.65999984741211,46.65999984741211,45.029998779296875,45.36000061035156,2920500
2021-02-26 20:00:00,45.220001220703125,45.779998779296875,44.369998931884766,45.150001525878906,4889100
2021-03-01 20:00:00,45.81999969482422,46.7400016784668,45.7599983215332,46.27000045776367,2553400
2021-03-02 20:00:00,46.33000183105469,46.810001373291016,45.720001220703125,45.779998779296875,2935800
2021-03-03 20:00:00,45.560001373291016,45.959999084472656,45.099998474121094,45.34000015258789,2842400
2021-03-04 20:00:00,45.09000015258789,45.34000015258789,43.06999969482422,43.849998474121094,3530300
2021-03-05 20:00:00,44.349998474121094,45.01499938964844,42.900001525878906,44.84000015258789,2853600
2021-03-08 20:00:00,45.34000015258789,46.310001373291016,44.86000061035156,44.900001525878906,3485300
2021-03-09 20:00:00,45.029998779296875,45.459999084472656,44.560001373291016,44.709999084472656,3973900
2021-03-10 20:00:00,45.02000045776367,47.13999938964844,44.900001525878906,47.0,3388500
2021-03-11 20:00:00,47.25,47.66999816894531,46.75,46.86000061035156,2487700
2021-03-12 20:00:00,47.0,47.09000015258789,46.22999954223633,46.900001525878906,2176700
2021-03-15 19:00:00,46.86000061035156,46.900001525878906,45.54999923706055,46.83000183105469,2993300
2021-03-16 19:00:00,46.83000183105469,46.880001068115234,45.86199951171875,46.16999816894531,2300400
2021-03-17 19:00:00,46.20000076293945,47.29999923706055,46.185001373291016,47.2599983215332,2711100
2021-03-18 19:00:00,47.25,47.97999954223633,46.6150016784668,46.959999084472656,3180700
2021-03-19 19:00:00,46.72999954223633,47.66999816894531,46.06999969482422,47.06999969482422,9286600
2021-03-22 19:00:00,47.599998474121094,47.959999084472656,46.849998474121094,47.29999923706055,3358900
2021-03-23 19:00:00,46.689998626708984,47.0,45.56999969482422,45.849998474121094,4287200
2021-03-24 19:00:00,46.16999816894531,46.810001373291016,45.9900016784668,46.189998626708984,3425200
2021-03-25 19:00:00,45.93000030517578,47.11000061035156,45.599998474121094,46.779998779296875,3739800
2021-03-26 19:00:00,47.349998474121094,48.04999923706055,46.90999984741211,47.90999984741211,3358500
2021-03-29 19:00:00,47.779998779296875,48.47999954223633,47.52000045776367,47.77000045776367,4063200
2021-03-30 19:00:00,47.58000183105469,47.88999938964844,46.7400016784668,46.939998626708984,2573000
2021-03-31 19:00:00,46.86000061035156,47.290000915527344,46.255001068115234,46.619998931884766,3814100
2021-04-01 19:00:00,46.939998626708984,46.97999954223633,46.040000915527344,46.7400016784668,2976900
2021-04-05 19:00:00,46.880001068115234,47.2400016784668,46.63999938964844,47.040000915527344,3039100
2021-04-06 19:00:00,47.099998474121094,47.970001220703125,46.900001525878906,47.7400016784668,2541300
2021-04-07 19:00:00,47.79999923706055,47.79999923706055,46.540000915527344,46.75,2208900
2021-04-08 19:00:00,46.5099983215332,47.119998931884766,46.18000030517578,46.93000030517578,2181800
2021-04-09 19:00:00,47.27000045776367,47.64500045776367,46.81999969482422,47.130001068115234,2552900
2021-04-12 19:00:00,47.36000061035156,47.650001525878906,46.83000183105469,47.099998474121094,2449800
2021-04-13 19:00:00,47.11000061035156,47.20000076293945,46.5099983215332,46.869998931884766,2542700
2021-04-14 19:00:00,46.83000183105469,47.63999938964844,46.77000045776367,47.220001220703125,2958000
2021-04-15 19:00:00,47.59000015258789,47.71500015258789,46.87300109863281,47.52000045776367,2190300
2021-04-16 19:00:00,47.970001220703125,48.13999938964844,47.290000915527344,47.5,2834900
2021-04-19 19:00:00,47.709999084472656,47.880001068115234,46.900001525878906,47.52000045776367,3157200
2021-04-20 19:00:00,47.36000061035156,47.82500076293945,46.65999984741211,46.959999084472656,2421900
2021-04-21 19:00:00,46.880001068115234,48.29999923706055,46.72999954223633,48.279998779296875,2732600
2021-04-22 19:00:00,48.34000015258789,48.869998931884766,47.689998626708984,48.08000183105469,3445600
2021-04-23 19:00:00,48.09000015258789,48.915000915527344,47.95000076293945,48.630001068115234,2501300
2021-04-26 19:00:00,48.720001220703125,49.34000015258789,48.64500045776367,48.869998931884766,1890000
2021-04-27 19:00:00,48.790000915527344,49.27000045776367,48.599998474121094,49.15999984741211,2083400
2021-04-28 19:00:00,49.41999816894531,49.810001373291016,49.060001373291016,49.189998626708984,2641600
2021-04-29 19:00:00,49.560001373291016,49.72999954223633,49.02000045776367,49.560001373291016,1809000
2021-04-30 19:00:00,49.400001525878906,49.755001068115234,48.70000076293945,48.7599983215332,2426100
2021-05-03 19:00:00,49.22999954223633,49.97999954223633,49.06999969482422,49.72999954223633,2480700
2021-05-04 19:00:00,49.0,49.84000015258789,48.7599983215332,49.790000915527344,3447100
2021-05-05 19:00:00,47.54999923706055,47.9900016784668,46.810001373291016,47.68000030517578,4184300
2021-05-06 19:00:00,47.810001373291016,48.45000076293945,46.56999969482422,48.40999984741211,3228800
2021-05-07 19:00:00,48.279998779296875,49.292999267578125,48.18000030517578,48.86000061035156,3362700
2021-05-10 19:00:00,49.189998626708984,49.97999954223633,46.84000015258789,46.9900016784668,5547300
2021-05-11 19:00:00,46.290000915527344,47.25,45.70000076293945,47.09000015258789,4086200
2021-05-12 19:00:00,47.529998779296875,47.599998474121094,45.040000915527344,45.18000030517578,4909600
2021-05-13 19:00:00,45.20000076293945,46.22999954223633,44.880001068115234,45.91999816894531,6047400
2021-05-14 19:00:00,46.33000183105469,46.790000915527344,46.099998474121094,46.31999969482422,2211900
2021-05-17 19:00:00,46.540000915527344,46.66999816894531,45.88999938964844,46.220001220703125,4149000
2021-05-18 19:00:00,45.959999084472656,46.290000915527344,45.70000076293945,45.779998779296875,3353400
2021-05-19 19:00:00,45.33000183105469,45.43000030517578,44.439998626708984,44.81999969482422,3138400
2021-05-20 19:00:00,44.790000915527344,44.93000030517578,44.09000015258789,44.130001068115234,4225900
2021-05-21 19:00:00,44.65999984741211,45.290000915527344,44.599998474121094,44.70000076293945,4346100
2021-05-24 19:00:00,45.040000915527344,45.45000076293945,44.91299819946289,45.150001525878906,4032000
2021-05-25 19:00:00,45.099998474121094,45.71500015258789,44.58000183105469,44.599998474121094,3549500
2021-05-26 19:00:00,44.779998779296875,45.02000045776367,44.36000061035156,44.779998779296875,4609100
2021-05-27 19:00:00,45.29999923706055,45.79999923706055,45.04999923706055,45.18000030517578,3708600
2021-05-28 19:00:00,45.41999816894531,45.68000030517578,45.150001525878906,45.5,3028100
2021-06-01 19:00:00,46.0,46.172000885009766,45.70500183105469,45.970001220703125,2543100
2021-06-02 19:00:00,46.11000061035156,46.1150016784668,45.40999984741211,45.65999984741211,2729400
2021-06-03 19:00:00,45.31999969482422,46.16999816894531,45.13999938964844,45.97999954223633,3318100
2021-06-04 19:00:00,46.20000076293945,46.362998962402344,45.810001373291016,45.959999084472656,1437600
2021-06-07 19:00:00,46.0,46.279998779296875,45.209999084472656,45.93000030517578,1989000
2021-06-08 19:00:00,45.77000045776367,46.349998474121094,45.470001220703125,45.900001525878906,2464800
2021-06-09 19:00:00,45.849998474121094,45.959999084472656,45.40999984741211,45.4900016784668,3077400
2021-06-10 19:00:00,45.939998626708984,46.0099983215332,44.54999923706055,44.560001373291016,2921800
2021-06-11 19:00:00,44.88999938964844,45.29999923706055,44.29999923706055,44.540000915527344,2942800
2021-06-14 19:00:00,44.470001220703125,44.560001373291016,43.709999084472656,43.959999084472656,2263800
2021-06-15 19:00:00,44.09000015258789,44.66999816894531,43.709999084472656,44.310001373291016,2747700
2021-06-16 19:00:00,44.25,44.290000915527344,43.525001525878906,43.70000076293945,3422100
2021-06-17 19:00:00,43.65999984741211,43.779998779296875,42.5099983215332,43.5099983215332,5380700
2021-06-18 19:00:00,42.7400016784668,43.189998626708984,42.59000015258789,42.709999084472656,7900400
2021-06-21 19:00:00,43.150001525878906,43.79999923706055,43.150001525878906,43.40999984741211,3819300
2021-06-22 19:00:00,43.470001220703125,43.70000076293945,43.099998474121094,43.4900016784668,2226100
2021-06-23 19:00:00,43.47999954223633,44.025001525878906,43.47999954223633,43.56999969482422,2627100
2021-06-24 19:00:00,43.84000015258789,44.875,43.459999084472656,44.349998474121094,3528900
2021-06-25 19:00:00,44.650001525878906,44.72999954223633,44.0,44.15999984741211,3675800
2021-06-28 19:00:00,44.150001525878906,44.46500015258789,43.564998626708984,44.34000015258789,3515000
2021-06-29 19:00:00,44.7400016784668,45.060001373291016,44.189998626708984,44.279998779296875,2121800
2021-06-30 19:00:00,44.43000030517578,44.46500015258789,44.03499984741211,44.349998474121094,3230200
2021-07-01 19:00:00,44.540000915527344,44.900001525878906,44.07500076293945,44.619998931884766,2103800
2021-07-02 19:00:00,44.73500061035156,44.81999969482422,44.20000076293945,44.5,1833900
2021-07-06 19:00:00,44.45000076293945,44.5,43.81999969482422,44.09000015258789,2183600
2021-07-07 19:00:00,43.7599983215332,44.349998474121094,42.880001068115234,43.380001068115234,3348100
2021-07-08 19:00:00,42.939998626708984,43.290000915527344,42.56100082397461,42.900001525878906,2307700
2021-07-09 19:00:00,43.54999923706055,43.619998931884766,42.95500183105469,43.45000076293945,3265600
2021-07-12 19:00:00,42.88999938964844,44.0099983215332,42.689998626708984,43.79999923706055,2485500
2021-07-13 19:00:00,43.91999816894531,44.099998474121094,42.95000076293945,43.04999923706055,2388200
2021-07-14 19:00:00,43.099998474121094,43.68000030517578,42.58000183105469,42.66999816894531,3114200
2021-07-15 19:00:00,42.400001525878906,43.040000915527344,42.119998931884766,42.41999816894531,2904400
2021-07-16 19:00:00,42.4900016784668,42.650001525878906,41.595001220703125,41.810001373291016,3419700
2021-07-19 19:00:00,41.13999938964844,41.31999969482422,40.599998474121094,40.93000030517578,4629200
2021-07-20 19:00:00,40.90999984741211,42.02000045776367,40.7400016784668,41.72999954223633,2978300
2021-07-21 19:00:00,42.25,42.68000030517578,42.064998626708984,42.209999084472656,3482700
2021-07-22 19:00:00,42.34000015258789,42.3849983215332,41.724998474121094,42.27000045776367,1458500
2021-07-23 19:00:00,42.459999084472656,42.459999084472656,41.900001525878906,42.130001068115234,1590300
2021-07-26 19:00:00,42.2599983215332,42.45000076293945,41.849998474121094,42.349998474121094,2840200
2021-07-27 19:00:00,42.0,42.58000183105469,41.40999984741211,42.529998779296875,2860100
2021-07-28 19:00:00,42.66999816894531,43.150001525878906,42.45000076293945,42.81999969482422,2819800
2021-07-29 19:00:00,43.27000045776367,43.779998779296875,43.11000061035156,43.220001220703125,2394500
2021-07-30 19:00:00,42.810001373291016,43.494998931884766,42.720001220703125,42.779998779296875,2116200
2021-08-02 19:00:00,43.0,43.45000076293945,42.45000076293945,42.47999954223633,1803300
2021-08-03 19:00:00,42.599998474121094,43.10499954223633,42.27000045776367,43.06999969482422,3147200
2021-08-04 19:00:00,42.790000915527344,42.88999938964844,42.2400016784668,42.27000045776367,2159000
2021-08-05 19:00:00,42.33000183105469,42.66999816894531,41.40999984741211,41.439998626708984,5051800
2021-08-06 19:00:00,44.0,45.709999084472656,43.75,44.7599983215332,6031100
2021-08-09 19:00:00,44.86000061035156,45.560001373291016,44.560001373291016,45.18000030517578,4724200
2021-08-10 19:00:00,45.15999984741211,45.83000183105469,45.029998779296875,45.630001068115234,3043700
2021-08-11 19:00:00,45.650001525878906,45.880001068115234,45.34000015258789,45.7400016784668,2455500
2021-08-12 19:00:00,45.61000061035156,46.18000030517578,45.11000061035156,46.060001373291016,2987400
2021-08-13 19:00:00,46.13999938964844,46.33000183105469,45.900001525878906,45.9900016784668,2872700
2021-08-16 19:00:00,45.5,45.65999984741211,45.11000061035156,45.16999816894531,4732800
2021-08-17 19:00:00,45.0,45.25,44.34000015258789,45.06999969482422,6382800
2021-08-18 19:00:00,44.81999969482422,45.32500076293945,43.900001525878906,43.939998626708984,3524700
2021-08-19 19:00:00,43.2599983215332,43.685001373291016,42.470001220703125,42.54999923706055,2458000
2021-08-20 19:00:00,42.4900016784668,42.810001373291016,41.834999084472656,41.939998626708984,3006200
2021-08-23 19:00:00,42.16999816894531,42.369998931884766,41.85499954223633,41.95000076293945,3609800
2021-08-24 19:00:00,42.0099983215332,42.81999969482422,42.0099983215332,42.54999923706055,3524600
2021-08-25 19:00:00,42.470001220703125,43.96500015258789,42.27000045776367,43.779998779296875,3784400
2021-08-26 19:00:00,43.849998474121094,44.53499984741211,43.65999984741211,43.9900016784668,3495500
2021-08-27 19:00:00,44.22999954223633,44.834999084472656,44.099998474121094,44.18000030517578,2580300
2021-08-30 19:00:00,44.27000045776367,44.27000045776367,43.709999084472656,43.7599983215332,1854900
2021-08-31 19:00:00,43.88999938964844,44.029998779296875,43.47999954223633,43.970001220703125,4187000
2021-09-01 19:00:00,44.36000061035156,44.494998931884766,43.63999938964844,44.380001068115234,2518000
2021-09-02 19:00:00,44.439998626708984,45.43000030517578,44.40999984741211,44.91999816894531,2817600
2021-09-03 19:00:00,44.810001373291016,45.474998474121094,44.810001373291016,44.91999816894531,3472000
2021-09-07 19:00:00,44.619998931884766,44.7599983215332,44.290000915527344,44.33000183105469,2455100
2021-09-08 19:00:00,44.34000015258789,44.599998474121094,43.599998474121094,44.13999938964844,3013300
2021-09-09 19:00:00,43.91999816894531,44.13999938964844,43.52000045776367,43.58000183105469,2703300
2021-09-10 19:00:00,44.119998931884766,44.119998931884766,43.36000061035156,43.41999816894531,2061200
2021-09-13 19:00:00,43.599998474121094,43.849998474121094,42.619998931884766,43.13999938964844,1907400
2021-09-14 19:00:00,43.36000061035156,43.459999084472656,42.15999984741211,42.2599983215332,1787500
2021-09-15 19:00:00,42.29999923706055,43.09000015258789,42.23500061035156,42.970001220703125,2177900
2021-09-16 19:00:00,42.900001525878906,42.97999954223633,42.29999923706055,42.58000183105469,2711200
2021-09-17 19:00:00,42.45000076293945,42.93000030517578,41.310001373291016,41.869998931884766,7032100
2021-09-20 19:00:00,41.0,41.56999969482422,40.720001220703125,41.4900016784668,2506600
2021-09-21 19:00:00,41.66999816894531,41.79999923706055,41.1349983215332,41.400001525878906,3350900
2021-09-22 19:00:00,41.880001068115234,42.39500045776367,41.779998779296875,41.939998626708984,2126700
2021-09-23 19:00:00,42.20000076293945,42.790000915527344,42.119998931884766,42.40999984741211,2644000
2021-09-24 19:00:00,42.25,42.54999923706055,42.029998779296875,42.310001373291016,2311800
2021-09-27 19:00:00,42.369998931884766,43.56999969482422,42.369998931884766,43.459999084472656,2967200
2021-09-28 19:00:00,43.58000183105469,44.0099983215332,42.685001373291016,43.040000915527344,2988400
2021-09-29 19:00:00,43.18000030517578,43.22999954223633,42.61000061035156,42.86000061035156,2024700
2021-09-30 19:00:00,42.900001525878906,43.08000183105469,42.060001373291016,42.08000183105469,2433200
2021-10-01 19:00:00,42.349998474121094,43.8650016784668,42.189998626708984,43.5,3540600
2021-10-04 19:00:00,43.599998474121094,43.869998931884766,42.40999984741211,42.54999923706055,2853900
2021-10-05 19:00:00,42.689998626708984,43.8849983215332,42.47999954223633,43.459999084472656,3173800
2021-10-06 19:00:00,42.849998474121094,43.03499984741211,41.56800079345703,42.0,3050200
2021-10-07 19:00:00,42.470001220703125,43.04999923706055,42.290000915527344,42.4900016784668,2005400
2021-10-08 19:00:00,42.7599983215332,43.20000076293945,42.5,42.779998779296875,1402700
2021-10-11 19:00:00,42.93000030517578,43.38999938964844,42.41999816894531,42.459999084472656,1257900
2021-10-12 19:00:00,42.209999084472656,42.560001373291016,41.779998779296875,41.95000076293945,1609000
2021-10-13 19:00:00,42.31999969482422,42.349998474121094,41.369998931884766,42.2400016784668,2374000
2021-10-14 19:00:00,42.59000015258789,43.61000061035156,42.529998779296875,43.369998931884766,1530600
2021-10-15 19:00:00,43.68000030517578,43.92499923706055,43.33000183105469,43.5099983215332,2226100
2021-10-18 19:00:00,42.42499923706055,43.52000045776367,42.11000061035156,43.279998779296875,2104600
2021-10-19 19:00:00,43.5099983215332,43.67499923706055,42.93000030517578,43.630001068115234,1418600
2021-10-20 19:00:00,43.54999923706055,44.529998779296875,43.54999923706055,44.130001068115234,2084900
2021-10-21 19:00:00,43.83000183105469,44.0,42.59000015258789,42.709999084472656,2653300
2021-10-22 19:00:00,42.75,43.25,42.58000183105469,42.75,1875700
2021-10-25 19:00:00,42.9900016784668,43.099998474121094,42.4900016784668,42.52000045776367,3361100
2021-10-26 19:00:00,42.650001525878906,42.85499954223633,42.308998107910156,42.709999084472656,1656700
2021-10-27 19:00:00,42.459999084472656,42.54999923706055,42.06999969482422,42.11000061035156,2147300
2021-10-28 19:00:00,42.189998626708984,43.13999938964844,42.189998626708984,43.040000915527344,2593400
2021-10-29 19:00:00,42.90999984741211,43.4900016784668,42.689998626708984,43.150001525878906,3683900
2021-11-01 19:00:00,43.16999816894531,43.43000030517578,42.849998474121094,43.0099983215332,2651700
2021-11-02 19:00:00,43.04999923706055,43.34000015258789,42.13999938964844,42.84000015258789,4306700
2021-11-03 19:00:00,42.619998931884766,45.13999938964844,42.619998931884766,44.810001373291016,4392900
2021-11-04 19:00:00,45.5,47.650001525878906,45.18000030517578,47.400001525878906,4465900
2021-11-05 19:00:00,47.68000030517578,48.56999969482422,47.29999923706055,47.599998474121094,2724800
2021-11-08 20:00:00,47.90999984741211,48.18000030517578,46.40999984741211,46.540000915527344,4538200
2021-11-09 20:00:00,46.619998931884766,48.119998931884766,46.61000061035156,47.849998474121094,2541700
2021-11-10 20:00:00,47.45000076293945,48.18000030517578,47.29999923706055,47.68000030517578,2025300
2021-11-11 20:00:00,47.61000061035156,48.29999923706055,47.560001373291016,47.689998626708984,1397400
2021-11-12 20:00:00,47.900001525878906,48.77000045776367,47.834999084472656,48.70000076293945,3811500
2021-11-15 20:00:00,49.064998626708984,49.400001525878906,48.09000015258789,48.369998931884766,1790700
2021-11-16 20:00:00,48.869998931884766,49.099998474121094,48.400001525878906,48.43000030517578,1645700
2021-11-17 20:00:00,48.22999954223633,48.72999954223633,48.04999923706055,48.349998474121094,1533100
2021-11-18 20:00:00,48.58000183105469,49.0,48.279998779296875,48.66999816894531,2404900
2021-11-19 20:00:00,48.33000183105469,48.4900016784668,47.64500045776367,47.810001373291016,3253700
2021-11-22 20:00:00,47.95000076293945,48.76499938964844,47.540000915527344,47.54999923706055,2710700
2021-11-23 20:00:00,47.70000076293945,47.9900016784668,47.02000045776367,47.900001525878906,2005200
2021-11-24 20:00:00,47.540000915527344,47.849998474121094,47.27000045776367,47.56999969482422,1291900
2021-11-26 20:00:00,46.20000076293945,47.0099983215332,46.119998931884766,46.83000183105469,1306500
2021-11-29 20:00:00,47.29499816894531,47.400001525878906,46.43000030517578,46.59000015258789,2080700
2021-11-30 20:00:00,46.29999923706055,46.41999816894531,44.77000045776367,45.0,4761900
2021-12-01 20:00:00,45.779998779296875,46.970001220703125,44.63999938964844,44.65999984741211,2598900
2021-12-02 20:00:00,44.97999954223633,46.5,44.8849983215332,46.189998626708984,2705200
2021-12-03 20:00:00,46.25,47.5,45.57500076293945,46.040000915527344,3760300
2021-12-06 20:00:00,46.63999938964844,47.54999923706055,46.34000015258789,47.099998474121094,3202300
2021-12-07 20:00:00,47.68000030517578,48.41999816894531,47.4900016784668,47.75,2661700
2021-12-08 20:00:00,48.09000015258789,48.349998474121094,47.49700164794922,48.11000061035156,2712200
2021-12-09 20:00:00,47.79999923706055,48.41999816894531,47.72999954223633,48.029998779296875,1983900
2021-12-10 20:00:00,48.400001525878906,48.65999984741211,47.689998626708984,47.959999084472656,2242500
2021-12-13 20:00:00,47.599998474121094,47.650001525878906,46.54999923706055,46.630001068115234,2268800
2021-12-14 20:00:00,46.540000915527344,47.029998779296875,46.125,46.310001373291016,2425100
2021-12-15 20:00:00,46.2599983215332,46.2599983215332,45.119998931884766,46.09000015258789,2913100
2021-12-16 20:00:00,46.439998626708984,47.45500183105469,46.29999923706055,46.97999954223633,3363800
2021-12-17 20:00:00,47.13999938964844,47.13999938964844,45.939998626708984,46.08000183105469,6903500
2021-12-20 20:00:00,45.68000030517578,45.68000030517578,43.88999938964844,44.7599983215332,3372700
2021-12-21 20:00:00,45.27000045776367,46.119998931884766,45.06999969482422,45.81999969482422,2223400
2021-12-22 20:00:00,45.849998474121094,46.220001220703125,45.650001525878906,45.93000030517578,2940500
2021-12-23 20:00:00,46.02000045776367,46.790000915527344,45.939998626708984,46.439998626708984,1923800
2021-12-27 20:00:00,46.38999938964844,47.029998779296875,46.25,47.0099983215332,1310500
2021-12-28 20:00:00,46.939998626708984,47.540000915527344,46.810001373291016,47.380001068115234,1616700
2021-12-29 20:00:00,47.209999084472656,47.529998779296875,47.029998779296875,47.349998474121094,1160900
2021-12-30 20:00:00,47.5,47.7599983215332,47.060001373291016,47.119998931884766,1192200
2021-12-31 20:00:00,46.939998626708984,47.41999816894531,46.880001068115234,47.279998779296875,1457000
2022-01-03 20:00:00,47.400001525878906,47.779998779296875,46.790000915527344,46.900001525878906,2071200
2022-01-04 20:00:00,47.11000061035156,48.33000183105469,47.11000061035156,47.77000045776367,2529200
2022-01-05 20:00:00,48.02000045776367,48.2599983215332,47.209999084472656,47.2400016784668,2498600
2022-01-06 20:00:00,47.540000915527344,48.25,47.06999969482422,47.900001525878906,2685800
2022-01-07 20:00:00,47.900001525878906,48.79999923706055,47.79999923706055,48.41999816894531,2463600
2022-01-10 20:00:00,48.29999923706055,48.29999923706055,46.81999969482422,47.38999938964844,2145200
2022-01-11 20:00:00,47.5099983215332,48.4900016784668,47.25,48.40999984741211,1867000
2022-01-12 20:00:00,48.970001220703125,49.349998474121094,48.4900016784668,48.86000061035156,1988000
2022-01-13 20:00:00,48.81999969482422,49.40999984741211,48.540000915527344,48.900001525878906,2107800
2022-01-14 20:00:00,48.31999969482422,48.779998779296875,47.814998626708984,48.599998474121094,2039000
2022-01-18 20:00:00,48.13999938964844,48.36000061035156,47.75,48.13999938964844,1877800
2022-01-19 20:00:00,48.43000030517578,48.5,47.16999816894531,47.220001220703125,2530800
2022-01-20 20:00:00,47.5,47.97999954223633,46.400001525878906,46.540000915527344,2191200
2022-01-21 20:00:00,46.16999816894531,46.75,45.31999969482422,45.439998626708984,2360700
2022-01-24 20:00:00,44.70000076293945,46.290000915527344,43.7400016784668,46.06999969482422,3365500
2022-01-25 20:00:00,45.040000915527344,46.43000030517578,44.220001220703125,46.04999923706055,4314600
2022-01-26 20:00:00,46.439998626708984,47.11000061035156,45.3849983215332,46.0099983215332,2986200
2022-01-27 20:00:00,46.47999954223633,47.54999923706055,46.29999923706055,46.84000015258789,2506200
2022-01-28 20:00:00,46.7599983215332,47.47999954223633,46.099998474121094,47.459999084472656,2271500
2022-01-31 20:00:00,47.439998626708984,48.20000076293945,47.2599983215332,48.08000183105469,2573500
2022-02-01 20:00:00,47.95000076293945,48.34000015258789,47.36000061035156,47.93000030517578,4429000
2022-02-02 20:00:00,47.869998931884766,48.36000061035156,47.65999984741211,48.130001068115234,3597400
2022-02-03 20:00:00,48.040000915527344,49.349998474121094,47.369998931884766,48.529998779296875,4054900
2022-02-04 20:00:00,48.25,50.755001068115234,48.25,50.25,4931200
2022-02-07 20:00:00,50.349998474121094,50.5,49.349998474121094,49.54999923706055,4646600
2022-02-08 20:00:00,49.650001525878906,50.41999816894531,49.34000015258789,50.369998931884766,4336000
2022-02-09 20:00:00,50.849998474121094,51.625,50.79999923706055,51.540000915527344,2901500
2022-02-10 20:00:00,51.29999923706055,52.380001068115234,50.70000076293945,50.95000076293945,4628200
2022-02-11 20:00:00,50.93000030517578,51.7400016784668,50.470001220703125,51.04999923706055,3194800
2022-02-14 20:00:00,51.20000076293945,51.54999923706055,50.369998931884766,50.900001525878906,5552300
2022-02-15 20:00:00,50.439998626708984,51.130001068115234,50.20000076293945,50.88999938964844,4652900
2022-02-16 20:00:00,51.279998779296875,51.900001525878906,50.900001525878906,51.459999084472656,3283700
2022-02-17 20:00:00,50.85499954223633,51.58000183105469,50.459999084472656,51.27000045776367,2920200
2022-02-18 20:00:00,51.4900016784668,51.810001373291016,50.47999954223633,50.70000076293945,2670100
